-- Insert More Artistas for Pagination Testing
INSERT INTO artistas (id, nome) VALUES 
('11111111-1111-1111-1111-111111111101', 'Queen'),
('11111111-1111-1111-1111-111111111102', 'AC/DC'),
('11111111-1111-1111-1111-111111111103', 'Nirvana'),
('11111111-1111-1111-1111-111111111104', 'Guns N Roses'),
('11111111-1111-1111-1111-111111111105', 'Metallica'),
('11111111-1111-1111-1111-111111111106', 'Iron Maiden'),
('11111111-1111-1111-1111-111111111107', 'Black Sabbath'),
('11111111-1111-1111-1111-111111111108', 'The Rolling Stones'),
('11111111-1111-1111-1111-111111111109', 'The Who'),
('11111111-1111-1111-1111-111111111110', 'U2'),
('11111111-1111-1111-1111-111111111111', 'Coldplay'),
('11111111-1111-1111-1111-111111111112', 'Radiohead'),
('11111111-1111-1111-1111-111111111113', 'Daft Punk');

-- Insert More Albuns
INSERT INTO albuns (id, titulo, ano_lancamento) VALUES 
('22222222-2222-2222-2222-222222222201', 'A Night at the Opera', 1975),
('22222222-2222-2222-2222-222222222202', 'Back in Black', 1980),
('22222222-2222-2222-2222-222222222203', 'Nevermind', 1991),
('22222222-2222-2222-2222-222222222204', 'Appetite for Destruction', 1987),
('22222222-2222-2222-2222-222222222205', 'Master of Puppets', 1986),
('22222222-2222-2222-2222-222222222206', 'The Number of the Beast', 1982),
('22222222-2222-2222-2222-222222222207', 'Paranoid', 1970),
('22222222-2222-2222-2222-222222222208', 'Sticky Fingers', 1971),
('22222222-2222-2222-2222-222222222209', 'Who''s Next', 1971),
('22222222-2222-2222-2222-222222222210', 'The Joshua Tree', 1987),
('22222222-2222-2222-2222-222222222211', 'A Rush of Blood to the Head', 2002),
('22222222-2222-2222-2222-222222222212', 'OK Computer', 1997),
('22222222-2222-2222-2222-222222222213', 'Random Access Memories', 2013);

-- Link Artistas and Albuns
INSERT INTO artista_album (artista_id, album_id) VALUES 
('11111111-1111-1111-1111-111111111101', '22222222-2222-2222-2222-222222222201'), -- Queen
('11111111-1111-1111-1111-111111111102', '22222222-2222-2222-2222-222222222202'), -- AC/DC
('11111111-1111-1111-1111-111111111103', '22222222-2222-2222-2222-222222222203'), -- Nirvana
('11111111-1111-1111-1111-111111111104', '22222222-2222-2222-2222-222222222204'), -- GnR
('11111111-1111-1111-1111-111111111105', '22222222-2222-2222-2222-222222222205'), -- Metallica
('11111111-1111-1111-1111-111111111106', '22222222-2222-2222-2222-222222222206'), -- Iron Maiden
('11111111-1111-1111-1111-111111111107', '22222222-2222-2222-2222-222222222207'), -- Sabbath
('11111111-1111-1111-1111-111111111108', '22222222-2222-2222-2222-222222222208'), -- Stones
('11111111-1111-1111-1111-111111111109', '22222222-2222-2222-2222-222222222209'), -- Who
('11111111-1111-1111-1111-111111111110', '22222222-2222-2222-2222-222222222210'), -- U2
('11111111-1111-1111-1111-111111111111', '22222222-2222-2222-2222-222222222211'), -- Coldplay
('11111111-1111-1111-1111-111111111112', '22222222-2222-2222-2222-222222222212'), -- Radiohead
('11111111-1111-1111-1111-111111111113', '22222222-2222-2222-2222-222222222213'); -- Daft Punk
